{
  "providers": [
    {
      "type": "bitmap",
      "file": "minecraft:font/prefixes/knight.png",
      "height": 9,
      "ascent": 9,
      "chars": [
        "\uEF00"
      ]
    },
    {
      "type": "bitmap",
      "file": "minecraft:font/prefixes/dungeon.png",
      "height": 9,
      "ascent": 9,
      "chars": [
        "\uEF01"
      ]
    },
    {
      "type": "bitmap",
      "file": "minecraft:font/prefixes/vertex.png",
      "height": 9,
      "ascent": 9,
      "chars": [
        "\uEF02"
      ]
    },
    {
      "type": "bitmap",
      "file": "minecraft:font/prefixes/envoker.png",
      "height": 9,
      "ascent": 9,
      "chars": [
        "\uEF03"
      ]
    },
    {
      "type": "bitmap",
      "file": "minecraft:font/prefixes/mage.png",
      "height": 9,
      "ascent": 9,
      "chars": [
        "\uEF04"
      ]
    },
    {
      "type": "bitmap",
      "file": "minecraft:font/prefixes/priest.png",
      "height": 9,
      "ascent": 9,
      "chars": [
        "\uEF05"
      ]
    },
    {
      "type": "bitmap",
      "file": "minecraft:font/prefixes/green_title.png",
      "height": 35,
      "ascent": 17,
      "chars": [
        "\uEF06"
      ]
    }
  ]
}
